﻿<?xml version="1.0" encoding="utf-8"?>
<root name="Environment Info" name_ch="环境信息" type="Dialog" version="2.0.0" depend_api="2.1" deprecated_api="" signature="sSuxxCBm1fOCfTnxXj0tj7jiyU1bkZo+75hdbg7mFtk=" default_width="557" default_height="657" min_width="200" min_height="100">
  <rm optional="no">environment.pluginenvironment</rm>
  <use_api>biQuerySignalInfo</use_api>
  <use_api>biSetModuleConfig</use_api>
  <use_api>biSelectSignal</use_api>
  <use_api>biOnSelectedSignal</use_api>
  <use_api>biOnInitEx</use_api>
  <use_api>biGetLanguage</use_api>
  <use_api>biOnQueriedSignalInfo</use_api>
</root>