﻿<?xml version="1.0" encoding="utf-8"?>
<root name="PCD Convert" name_ch="PCD数据转换" type="Dialog" version="2.1.0" depend_api="4.0" deprecated_api="" signature="vnPVP6g3MqHYM5usHY4hwt89/sxiR8XL9LHpf3/+8X0=" default_width="510" default_height="200" min_width="200" min_height="50">
  <rm optional="no">pcd-convert.aspluginpcdexport</rm>
  <rm optional="no">pcd-convert-task.aspluginpcdexport</rm>
  <use_api>biSelectPath</use_api>
  <use_api>biSetViewConfig</use_api>
  <use_api>biRunStandaloneTask</use_api>
  <use_api>biOnQueriedDirsInDirectory</use_api>
  <use_api>biQueryFilesInDirectory</use_api>
  <use_api>biOnQueriedFilesInDirectory</use_api>
  <use_api>biOnSelectedPath</use_api>
  <use_api>biQueryDirsInDirectory</use_api>
  <use_api>biSetModuleConfig</use_api>
  <use_api>biOnInitEx</use_api>
  <use_api>biGetLanguage</use_api>
</root>