﻿<?xml version="1.0" encoding="utf-8"?>
<root name="Write Video Data To Rosbag" name_ch="视频数据写入Rosbag" type="Dialog" version="1.0.1" depend_api="2.1" deprecated_api="" signature="dzmOGeOof8xgP1XNVC2WzbmRiTA78Sm5K9qWwlJ1ZuniTUI8hFturA==" default_width="254" default_height="190" min_width="200" min_height="100">
  <rm optional="no">video-file-write-ros.videorosplugin</rm>
  <use_api>biSetModuleConfig</use_api>
  <use_api>biOnInitEx</use_api>
  <use_api>biGetLanguage</use_api>
</root>