﻿<?xml version="1.0" encoding="utf-8"?>
<root name="Yolo Detection" name_ch="Yolo检测" type="Dialog" version="1.6.0" depend_api="2.3" deprecated_api="" signature="af7tglVzpvp6KhTTS9YfBWH4MZE8zARIpwoTvUs5b44=" default_width="336" default_height="683" min_width="200" min_height="50">
  <rm optional="no">yolo-detection.pluginyolodetection</rm>
  <use_api>biSelectPath</use_api>
  <use_api>biSetModuleConfig</use_api>
  <use_api>biOnInitEx</use_api>
  <use_api>biGetLanguage</use_api>
  <use_api>biOnSelectedPath</use_api>
</root>