﻿<?xml version="1.0" encoding="utf-8"?>
<root name="Export Rosbag From Robosense Data" name_ch="速腾数据导出Rosbag" type="Dialog" version="2.3.0" depend_api="2.1" deprecated_api="" signature="kymiSWV+6ItQ2DFrqptXtpRa0YSbhLa3VWyaeQG8X15/l02LqjHuxQ==" default_width="329" default_height="363" min_width="200" min_height="100">
  <rm optional="no">rs-data-export-ros.rsrosplugin</rm>
  <use_api>biSetModuleConfig</use_api>
  <use_api>biOnInitEx</use_api>
  <use_api>biGetLanguage</use_api>
</root>