﻿<?xml version="1.0" encoding="utf-8"?>
<root name="VSomeIP Transmitter" name_ch="车载以太网回注" type="Dialog" version="1.0.1" depend_api="2.3" deprecated_api="" signature="IJrXGk15coL+GJRcygi+aK/p72B+f0lBfhUrqNOud6yiuN5d7fYKXw==" default_width="570" default_height="301" min_width="200" min_height="100">
  <rm optional="no">vsomeip-transmitter.aspluginvsomeiptransmitter</rm>
  <use_api>biSelectPath</use_api>
  <use_api>biSetModuleConfig</use_api>
  <use_api>biOnInitEx</use_api>
  <use_api>biGetLanguage</use_api>
  <use_api>biOnSelectedPath</use_api>
</root>