﻿<?xml version="1.0" encoding="utf-8"?>
<root name="Set Kvaser Baud Rate Parameters" name_ch="设置Kvaser波特率参数" type="Dialog" version="2.1.0" depend_api="2.1" deprecated_api="" signature="ZfoMk8W1Hfk90KFcvWenSV7GcTPRcg4q4dvmLfEAMzE88v952BM47RaErZlWQ7O1" default_width="1273" default_height="796" min_width="200" min_height="50">
  <rm optional="no">set-kvaser-baud-rate-parameters.kvaserconnectremote</rm>
  <use_api>biSetModuleConfig</use_api>
  <use_api>biOnInitEx</use_api>
  <use_api>biGetLanguage</use_api>
</root>