﻿<?xml version="1.0" encoding="utf-8"?>
<root name="Objects By Vehicle" name_ch="车辆接入目标物" type="Dialog" version="1.0.0" depend_api="4.4" deprecated_api="" signature="/wJkjHJzXeBhqxtIUH02X73xCfGpPO25TO48WJha/8zzOtkP8Rm3KQ==" default_width="346" default_height="294" min_width="200" min_height="100">
  <rm optional="no">objectbyvehicle-ecu.pluginobjectbyvehicle</rm>
  <use_api>biQueryGlobalVariable</use_api>
  <use_api>biSetModuleConfig</use_api>
  <use_api>biOnInitEx</use_api>
  <use_api>biGetLanguage</use_api>
  <use_api>biOnQueriedGlobalVariable</use_api>
</root>