﻿<?xml version="1.0" encoding="utf-8"?>
<root name="HeSai PandarXT" name_ch="禾赛 PandarXT" type="Dialog" version="1.0.0" depend_api="4.4" deprecated_api="" signature="77WlGssMt5lTmAoSLBTkrTOwSDqUK0Y1pf6xvg4ajOA=" default_width="486" default_height="358" min_width="200" min_height="50">
  <rm optional="no">hesai-pandar-xt.hesai</rm>
  <use_api>biSetModuleConfig</use_api>
  <use_api>biOnInitEx</use_api>
  <use_api>biQueryGlobalVariable</use_api>
  <use_api>biGetLanguage</use_api>
  <use_api>biOnQueriedGlobalVariable</use_api>
</root>