﻿<?xml version="1.0" encoding="utf-8"?>
<root name="Pixel Format Convert" name_ch="像素格式转换" type="Dialog" version="2.0.0" depend_api="2.4" deprecated_api="" signature="v65BGGwEQRlJxWZuc/WkDMTtn2bmswvXdrrnZ9q3PmfwFd4f2r9BxQ==" default_width="346" default_height="144" min_width="200" min_height="100">
  <rm optional="no">pixel-format-convert.aspluginpixelformatconvert</rm>
  <rm optional="no">pixel-format-convert-task.aspluginpixelformatconvert</rm>
  <use_api>biSelectPath</use_api>
  <use_api>biOnSelectedPath</use_api>
  <use_api>biRunStandaloneTask</use_api>
  <use_api>biSetModuleConfig</use_api>
  <use_api>biOnInitEx</use_api>
  <use_api>biGetLanguage</use_api>
</root>