﻿<?xml version="1.0" encoding="utf-8"?>
<root name="Signal Calculation" name_ch="信号计算" type="Dialog" version="2.1.2" depend_api="6.0" deprecated_api="" signature="lVmvSI+MglFfE6pnp6CQPMXXlx1GwN1g5XlSLkX1LLn8VrLRV1xpxQ==" default_width="1011" default_height="643" min_width="200" min_height="50">
  <rm optional="no">signal-calculation.system</rm>
  <use_api>biSetLocalVariable</use_api>
  <use_api>biSetModuleConfig</use_api>
  <use_api>biOnInitEx</use_api>
  <use_api>biGetLanguage</use_api>
  <use_api>biAlert</use_api>
  <use_api>biOpenChildDialog</use_api>
  <use_api>biOnClosedChildDialog</use_api>
  <use_api>biGetLocalVariable</use_api>
  <use_api>biOnQueriedBusProtocolFileChannel</use_api>
  <use_api>biSelectSignal</use_api>
  <use_api>biOnSelectedSignal</use_api>
  <use_api>biQueryBusProtocolFileChannel</use_api>
</root>