﻿<?xml version="1.0" encoding="utf-8"?>
<root name="Dephi SRR4 Objects" name_ch="Dephi SRR4目标物" type="Dialog" version="1.0.1" depend_api="4.4" deprecated_api="" signature="y3BUHNMyoot8tYzBKx63vnn286wEMN3WzwDNAqoTAaHjCSHdoH370Q==" default_width="394" default_height="276" min_width="200" min_height="50">
  <rm optional="no">delphi-srr4-objects.delphisrr4</rm>
  <use_api>biGetLanguage</use_api>
  <use_api>biSetModuleConfig</use_api>
  <use_api>biOnInitEx</use_api>
  <use_api>biQueryGlobalVariable</use_api>
  <use_api>biOnQueriedGlobalVariable</use_api>
</root>