﻿<?xml version="1.0" encoding="utf-8"?>
<root name="Lidar Motion Compensate" name_ch="激光雷达运动补偿" type="Dialog" version="1.1.1" depend_api="2.1" deprecated_api="" signature="v6JvwRXdhC9vFWf+JpjDi6FXtkMlo9PEsZxx/KAye/C0XVwWTA8dtg==" default_width="1224" default_height="447" min_width="200" min_height="50">
  <rm optional="no">lidar-motion-compensate.aspluginlidarmotioncompensate</rm>
  <use_api>biOnInitEx</use_api>
  <use_api>biGetLanguage</use_api>
  <use_api>biSetModuleConfig</use_api>
</root>