﻿<?xml version="1.0" encoding="utf-8"?>
<root name="Export Rosbag File" name_ch="导出rosbag文件" type="Dialog" version="1.0.2" depend_api="4.0" deprecated_api="" signature="iDs/AbYiKGplRcNryq24Vrg18ZgulYBTfvxLdheBUwVunaPgbYvgqA==" default_width="360" default_height="130" min_width="200" min_height="100">
  <rm optional="no">export-rosbag-file.ExportRosbagFile</rm>
  <rm optional="no">export-rosbag-file-task.ExportRosbagFileTask</rm>
  <use_api>biSelectPath</use_api>
  <use_api>biOnSelectedPath</use_api>
  <use_api>biSetModuleConfig</use_api>
  <use_api>biOnInitEx</use_api>
  <use_api>biQuerySessionList</use_api>
  <use_api>biGetLanguage</use_api>
  <use_api>biOnQueriedSessionList</use_api>
  <use_api>biQuerySessionPath</use_api>
  <use_api>biSetViewConfig</use_api>
  <use_api>biRunStandaloneTask</use_api>
  <use_api>biOnQueriedSessionPath</use_api>
  <use_api>biQueryDirectoryExist</use_api>
  <use_api>biOnQueriedDirectoryExist</use_api>
  <use_api>biQueryFilesInDirectory</use_api>
  <use_api>biQueryDirsInDirectory</use_api>
  <use_api>biOnQueriedDirsInDirectory</use_api>
  <use_api>biOnQueriedFilesInDirectory</use_api>
</root>