﻿<?xml version="1.0" encoding="utf-8"?>
<root name="Signal Lasting" name_ch="信号持续" type="Dialog" version="2.0.0" depend_api="2.4" deprecated_api="" signature="+y6bGfRnkY95GXEgc/tkuLtNA5oNXuCUUGBdcaSqrAM=" default_width="860" default_height="610" min_width="200" min_height="100">
  <rm optional="no">signal-lasting.pluginsignalutility</rm>
  <use_api>biAlert</use_api>
  <use_api>biSelectBusMessage</use_api>
  <use_api>biOnSelectedBusMessage</use_api>
  <use_api>biQuerySignalsInBusMessage</use_api>
  <use_api>biOnQueriedSignalsInBusMessage</use_api>
  <use_api>biQuerySignalInfo</use_api>
  <use_api>biOnQueriedSignalInfo</use_api>
  <use_api>biSetModuleConfig</use_api>
  <use_api>biSelectSignal</use_api>
  <use_api>biOnSelectedSignal</use_api>
  <use_api>biOnInitEx</use_api>
  <use_api>biGetLanguage</use_api>
</root>