﻿<?xml version="1.0" encoding="utf-8"?>
<root name="RT Data Parsing" name_ch="RT惯导数据解析" type="Dialog" version="2.0.0" depend_api="6.0" deprecated_api="" signature="rblRJZS4IlbKlhTzt+SxUOaI58goE+m6wpHbW8fw8MU=" default_width="910" default_height="557" min_width="200" min_height="100">
  <rm optional="no">rt-data-parsing.rtdataparsing</rm>
  <use_api>biOpenChildDialog</use_api>
  <use_api>biGetLanguage</use_api>
  <use_api>biSetModuleConfig</use_api>
  <use_api>biOnInitEx</use_api>
  <use_api>biQueryGlobalVariable</use_api>
  <use_api>biOnQueriedGlobalVariable</use_api>
</root>