﻿<?xml version="1.0" encoding="utf-8"?>
<root name="Video Nuvo Transmitter" name_ch="佳云视频回注" type="Dialog" version="1.0.0" depend_api="2.1" deprecated_api="" signature="68B3Vox1EY/8WMUU6gYNz1w9gCmDLgnLFA2lNCi48UaeiqKw359utw==" default_width="318" default_height="630" min_width="200" min_height="100">
  <rm optional="no">video-nuvo-transmitter.aspluginvideonuvotransmitter</rm>
  <use_api>biSetModuleConfig</use_api>
  <use_api>biOnInitEx</use_api>
  <use_api>biGetLanguage</use_api>
</root>