﻿<?xml version="1.0" encoding="utf-8"?>
<root name="COM (NMEABACK-0183)" name_ch="COM (NMEABACK-0183)" type="Dialog" version="1.0.0" depend_api="4.4" deprecated_api="" signature="fdii+HjMwzExD0EiXo6CrX2EL0XxSFcAMwo6FyViRhDUPUSKOn5Lrg==" default_width="375" default_height="694" min_width="200" min_height="50">
  <rm optional="no">com--nmeaback-0183-.pluginnmea</rm>
  <use_api>biSetModuleConfig</use_api>
  <use_api>biOnInitEx</use_api>
  <use_api>biQueryGlobalVariable</use_api>
  <use_api>biGetLanguage</use_api>
  <use_api>biOnQueriedGlobalVariable</use_api>
</root>