﻿<?xml version="1.0" encoding="utf-8"?>
<root name="Bus Configuration" name_ch="总线配置" type="Dialog" version="2.0.4" depend_api="6.1" deprecated_api="" signature="/fyoquY10g7Olq29c3aKh+t3C3G4oImF" default_width="1086" default_height="622" min_width="200" min_height="100">
  <rm optional="no">bus.system</rm>
  <use_api>biSelectSignal</use_api>
  <use_api>biOnInitEx</use_api>
  <use_api>biGetLanguage</use_api>
  <use_api>biQuerySignalsInBusMessage</use_api>
  <use_api>biSetModuleConfig</use_api>
  <use_api>biSelectBusMessage</use_api>
  <use_api>biOnSelectedBusMessage</use_api>
  <use_api>biAlert</use_api>
  <use_api>biOnQueriedSignalsInBusMessage</use_api>
  <use_api>biQueryBusMessageInfo</use_api>
  <use_api>biQuerySignalInfo</use_api>
  <use_api>biOnQueriedBusMessageInfo</use_api>
  <use_api>biOnQueriedSignalInfo</use_api>
  <use_api>biOnSelectedSignal</use_api>
  <use_api>biCloseChildDialog</use_api>
  <use_api>biOpenChildDialog</use_api>
  <use_api>biSelectBusProtocols</use_api>
  <use_api>biOnSelectedBusProtocols</use_api>
  <use_api>biQueryBusProtocolInfo</use_api>
  <use_api>biConfirm</use_api>
  <use_api>biOnResultOfConfirm</use_api>
  <use_api>biGetRunningMode</use_api>
  <use_api>biQueryBusDevicesInfo</use_api>
  <use_api>biOnQueriedBusProtocolInfo</use_api>
  <use_api>biOnQueriedBusDevicesInfo</use_api>
  <use_api>biGetNativeModuleVersions</use_api>
  <use_api>biOnClosedChildDialog</use_api>
</root>