﻿<?xml version="1.0" encoding="utf-8"?>
<root name="Video Configuration" name_ch="视频配置" type="Dialog" version="2.0.4" depend_api="6.4" deprecated_api="" signature="p8vddmbfh38oRa/77TWgn5bXA7rA2iOd" default_width="990" default_height="613" min_width="200" min_height="100">
  <rm optional="no">video.system</rm>
  <use_api>biOnQueriedVideoDevicesInfoX</use_api>
  <use_api>biGetLanguage</use_api>
  <use_api>biGetNativeModuleVersions</use_api>
  <use_api>biAlert</use_api>
  <use_api>biOpenChildDialog</use_api>
  <use_api>biConfirm</use_api>
  <use_api>biOnResultOfConfirm</use_api>
  <use_api>biSetLocalVariable</use_api>
  <use_api>biOnClosedChildDialog</use_api>
  <use_api>biGetLocalVariable</use_api>
  <use_api>biSetModuleConfig</use_api>
  <use_api>biOnInitEx</use_api>
  <use_api>biQueryVideoDevicesInfo</use_api>
  <use_api>biGetRunningMode</use_api>
  <use_api>biSelectPath</use_api>
  <use_api>biOnSelectedPath</use_api>
  <use_api>biWriteFileText</use_api>
  <use_api>biQueryFileText</use_api>
  <use_api>biOnQueriedFileText</use_api>
  <use_api>biQueryGlobalVariable</use_api>
  <use_api>biOnQueriedGlobalVariable</use_api>
  <use_api>biCloseChildDialog</use_api>
</root>