﻿<?xml version="1.0" encoding="utf-8"?>
<root name="IBEO Reference" name_ch="IBEO Reference" type="Dialog" version="2.0.0" depend_api="6.0" deprecated_api="" signature="B8RZWS+ajbOnMA7Lwq2FwVZNJFNiwzHQbLt6I/aIgXI=" default_width="294" default_height="341" min_width="200" min_height="50">
  <rm optional="no">ibeo-reference.pluginibeo</rm>
  <rm optional="no">ibeo-evs-process</rm>
  <use_api>biOnInit</use_api>
  <use_api>biSelectPath</use_api>
  <use_api>biCloseChildDialog</use_api>
  <use_api>biSetModuleConfig</use_api>
  <use_api>biOnInitEx</use_api>
  <use_api>biGetLanguage</use_api>
  <use_api>biQuerySessionList</use_api>
  <use_api>biOnQueriedSessionList</use_api>
  <use_api>biQuerySessionPath</use_api>
  <use_api>biOnQueriedSessionPath</use_api>
  <use_api>biQueryFileExist</use_api>
  <use_api>biOnQueriedFileExist</use_api>
  <use_api>biSetLocalVariable</use_api>
  <use_api>biOpenChildDialog</use_api>
  <use_api>biOnClosedChildDialog</use_api>
  <use_api>biGetLocalVariable</use_api>
  <use_api>biFileDelete</use_api>
  <use_api>biRunStandaloneTask</use_api>
  <use_api>biOnResultOfStandaloneTask</use_api>
  <use_api>biOnSelectedPath</use_api>
  <use_api>biGetPlatform</use_api>
  <use_api>biOnQueriedFileText</use_api>
  <use_api>biQueryFileText</use_api>
  <use_api>biAlert</use_api>
</root>