﻿<?xml version="1.0" encoding="utf-8"?>
<root name="Python Modules" name_ch="Python模块" type="Dialog" version="2.0.1" depend_api="6.1" deprecated_api="" signature="nYMKZjSLn+6//eMZRe3WRH7Qed8XYuuxNmuHj3pBkwI=" default_width="1141" default_height="639" min_width="200" min_height="100">
  <rm optional="no">python-scripts.pluginpython</rm>
  <use_api>biGetLanguage</use_api>
  <use_api>biConfirm</use_api>
  <use_api>biSelectPath</use_api>
  <use_api>biOpenChildDialog</use_api>
  <use_api>biSetModuleConfig</use_api>
  <use_api>biOnInitEx</use_api>
  <use_api>biQueryGlobalPath</use_api>
  <use_api>biOnQueriedGlobalPath</use_api>
  <use_api>biQueryFilesInDirectory</use_api>
  <use_api>biOnClosedChildDialog</use_api>
  <use_api>biGetLocalVariable</use_api>
  <use_api>biOnQueriedFilesInDirectory</use_api>
  <use_api>biOnSelectedPath</use_api>
  <use_api>biQueryFileText</use_api>
  <use_api>biWriteFileText</use_api>
  <use_api>biOnResultOfConfirm</use_api>
  <use_api>biOnQueriedFileText</use_api>
  <use_api>biAlert</use_api>
  <use_api>biSetGlobalPath</use_api>
  <use_api>biSelectSignal</use_api>
  <use_api>biOnSelectedSignal</use_api>
  <use_api>biOnQueriedSignalInfo</use_api>
  <use_api>biSetLocalVariable</use_api>
  <use_api>biQuerySignalInfo</use_api>
</root>