﻿<?xml version="1.0" encoding="utf-8"?>
<root name="PCD Export Process" name_ch="PCD导出流程" type="Dialog" version="2.1.0" depend_api="2.3" deprecated_api="" signature="1mv1gFerC8bLxyEoH0ZqD6CmQTIca9ltvZsp2hxRZKfWEjMTd64Lnw==" default_width="457" default_height="239" min_width="200" min_height="100">
  <rm optional="no">pcd-export-process.aspluginpcdexport</rm>
  <use_api>biSelectPath</use_api>
  <use_api>biGetRunningMode</use_api>
  <use_api>biSetModuleConfig</use_api>
  <use_api>biOnInitEx</use_api>
  <use_api>biGetLanguage</use_api>
  <use_api>biOnSelectedPath</use_api>
</root>