﻿<?xml version="1.0" encoding="utf-8"?>
<root name="Can Scheduled Transmitter" name_ch="总线预约回注" type="Dialog" version="1.0.0" depend_api="2.1" deprecated_api="" signature="WZeud8Z/3Fe/HcMklgUcTgtPuI5PpBg2ZTFx3CzlLgZFNt5S4F+iZA==" default_width="1220" default_height="780" min_width="200" min_height="100">
  <rm optional="no">can-scheduled-transmitter.asplugincanscheduledtransmitter</rm>
  <use_api>biSetModuleConfig</use_api>
  <use_api>biOnInitEx</use_api>
  <use_api>biGetLanguage</use_api>
</root>