﻿<?xml version="1.0" encoding="utf-8"?>
<root name="Lidars(simple mode)" name_ch="环视激光雷达(简易版)" type="Dialog" version="2.6.0" depend_api="6.0" deprecated_api="" signature="O028uZIV7jqykky9M8VZ1c0W9+VuOprLk+lHSk2AIaBz0xJRs54yOQ==" default_width="860" default_height="551" min_width="200" min_height="50">
  <rm optional="no">lidars-simple-mode.pluginlidar</rm>
  <use_api>biSetModuleConfig</use_api>
  <use_api>biSelectPath</use_api>
  <use_api>biOnSelectedPath</use_api>
  <use_api>biQueryFileText</use_api>
  <use_api>biWriteFileText</use_api>
  <use_api>biAlert</use_api>
  <use_api>biOnInitEx</use_api>
  <use_api>biQueryGlobalVariable</use_api>
  <use_api>biGetLanguage</use_api>
  <use_api>biOpenChildDialog</use_api>
  <use_api>biSelectSignal</use_api>
  <use_api>biOnSelectedSignal</use_api>
  <use_api>biOnQueriedGlobalVariable</use_api>
  <use_api>biOnQueriedFileText</use_api>
</root>