﻿<?xml version="1.0" encoding="utf-8"?>
<root name="COM (NMEAHex)" name_ch="COM (NMEAHex)" type="Dialog" version="2.0.0" depend_api="4.4" deprecated_api="" signature="fdii+HjMwzGr3RffJUBsGKnUwiZ8DzTo+4vQTWs5kZA=" default_width="407" default_height="641" min_width="200" min_height="100">
  <rm optional="no">com--nmeahex-.aspluginnmeahex</rm>
  <use_api>biSetModuleConfig</use_api>
  <use_api>biOnInitEx</use_api>
  <use_api>biQueryGlobalVariable</use_api>
  <use_api>biGetLanguage</use_api>
  <use_api>biOnQueriedGlobalVariable</use_api>
</root>