﻿<?xml version="1.0" encoding="utf-8"?>
<root name="Yolo Reference " name_ch="Yolo后处理" type="Dialog" version="1.1.1" depend_api="2.4" deprecated_api="" signature="af7tglVzpvp2XajH+cyD/CWqBo71ZHuMF50HueJYxqLkC92qbeHqZw==" default_width="336" default_height="512" min_width="200" min_height="50">
  <rm optional="no">yolo-detection-reference.pluginyolodetection</rm>
  <rm optional="no">yolo-detection-task.pluginyolodetection</rm>
  <use_api>biSelectPath</use_api>
  <use_api>biRunStandaloneTask</use_api>
  <use_api>biOnSelectedPath</use_api>
  <use_api>biSetModuleConfig</use_api>
  <use_api>biOnInitEx</use_api>
  <use_api>biGetLanguage</use_api>
</root>