﻿<?xml version="1.0" encoding="utf-8"?>
<root name="ROS Support" name_ch="ROS支持" type="Dialog" version="1.0.0" depend_api="2.1" deprecated_api="" signature="CmlFIHohifUywEooYxSvkEkDXSWmHpU0+aFVkrRu7N4=" default_width="330" default_height="154" min_width="200" min_height="100">
  <rm optional="no">ros-file-io.pluginros</rm>
  <rm optional="no">ros2-file-io.pluginros2</rm>
  <use_api>biSetModuleConfig</use_api>
  <use_api>biOnInitEx</use_api>
  <use_api>biGetLanguage</use_api>
</root>