﻿<?xml version="1.0" encoding="utf-8"?>
<root name="General Statistics" name_ch="一般性统计" type="Dialog" version="1.0.0" depend_api="6.5" deprecated_api="" signature="bKgvsdCRnLNEBSKlc3z3E3PjptYov8sVjMRhygK6JiM=" default_width="232" default_height="120" min_width="200" min_height="100">
  <py>general-stat</py>
  <use_api>biSetPythonModuleConfig</use_api>
  <use_api>biOnInitEx</use_api>
  <use_api>biGetLanguage</use_api>
  <use_api>biQueryPythonModuleConfig</use_api>
  <use_api>biOnQueriedPythonModuleConfig</use_api>
</root>