﻿<?xml version="1.0" encoding="utf-8"?>
<root name="Signal Calculation" name_ch="信号计算" type="Dialog" version="1.1.16" depend_api="4.0" deprecated_api="5.2" signature="lVmvSI+MglFfE6pnp6CQPMXXlx1GwN1gQT8rSECafCNJGLQtFmZQsw==" default_width="984" default_height="643" min_width="200" min_height="100">
  <rm optional="no">signal-calculation.system</rm>
  <use_api>biGetLanguage</use_api>
  <use_api>biQueryBusProtocolFileChannel</use_api>
  <use_api>biOnQueriedBusProtocolFileChannel</use_api>
  <use_api>biAlert</use_api>
  <use_api>biSetModuleConfig</use_api>
  <use_api>biSelectSignal</use_api>
  <use_api>biOnSelectedSignal</use_api>
  <use_api>biOnInitEx</use_api>
  <use_api>biSetViewSize</use_api>
</root>