﻿<?xml version="1.0" encoding="utf-8"?>
<root name="Video Raw File Device" name_ch="视频数据文件设备" type="Dialog" version="1.1.0" depend_api="2.3" deprecated_api="" signature="h9OsvpqePbAxqL1/91UUp0bRxbbiW0l4P5NHfzIbrsZ0kC4hg/egkw==" default_width="330" default_height="100" min_width="200" min_height="100">
  <rm optional="no">video-raw-file-device.aspluginvideorawfiledevice</rm>
  <use_api>biSelectPath</use_api>
  <use_api>biSetModuleConfig</use_api>
  <use_api>biGetLanguage</use_api>
  <use_api>biOnInitEx</use_api>
  <use_api>biOnSelectedPath</use_api>
</root>