﻿<?xml version="1.0" encoding="utf-8"?>
<root name="Bus Raw File Device" name_ch="总线原始文件设备" type="Dialog" version="1.0.0" depend_api="4.0" deprecated_api="" signature="kMhck3ykXE7FJQjasZZQoBbiJ6ZbDIeJ5wfvqJzDsua86AITv9DnBQ==" default_width="645" default_height="314" min_width="200" min_height="100">
  <rm optional="no">bus-raw-file-device.aspluginbusrawfile</rm>
  <use_api>biSelectPath</use_api>
  <use_api>biSetModuleConfig</use_api>
  <use_api>biOnInitEx</use_api>
  <use_api>biGetLanguage</use_api>
  <use_api>biQueryFileExist</use_api>
  <use_api>biOnSelectedPath</use_api>
  <use_api>biOnQueriedFileExist</use_api>
</root>