﻿<?xml version="1.0" encoding="utf-8"?>
<root name="Export Rosbag From Robosense Data" name_ch="速腾数据导出Rosbag" type="Dialog" version="2.5.1" depend_api="2.1" deprecated_api="" signature="kymiSWV+6ItQ2DFrqptXtpRa0YSbhLa3VGeSIINv+hUgT21u72n2mA==" default_width="676" default_height="450" min_width="200" min_height="50">
  <rm optional="no">rs-data-export-ros.rsrosplugin</rm>
  <use_api>biSetModuleConfig</use_api>
  <use_api>biGetLanguage</use_api>
  <use_api>biOnInitEx</use_api>
</root>