﻿<?xml version="1.0" encoding="utf-8"?>
<root name="Traffic info by CAN" name_ch="CAN接入交通信息" type="Dialog" version="2.0.2" depend_api="4.4" deprecated_api="" signature="8fqjP+VcGYPYcB8TikURiNHx4SzuG9Vd4sSOhlgMtCJvAx40YUUvBg==" default_width="515" default_height="743" min_width="200" min_height="100">
  <rm optional="no">traffic-info-by-can.pluginsensor</rm>
  <use_api>biSelectBusMessage</use_api>
  <use_api>biOnSelectedBusMessage</use_api>
  <use_api>biGetLanguage</use_api>
  <use_api>biSelectSignal</use_api>
  <use_api>biOnSelectedSignal</use_api>
  <use_api>biOnQueriedBusMessageInfo</use_api>
  <use_api>biQuerySignalInfo</use_api>
  <use_api>biQueryBusMessageInfo</use_api>
  <use_api>biQueryGlobalVariable</use_api>
  <use_api>biOnQueriedGlobalVariable</use_api>
  <use_api>biOnQueriedSignalInfo</use_api>
  <use_api>biSetModuleConfig</use_api>
  <use_api>biOnInitEx</use_api>
</root>