﻿<?xml version="1.0" encoding="utf-8"?>
<root name="Default File I/O" name_ch="默认文件读写" type="Dialog" version="2.7.0" depend_api="6.0" deprecated_api="" signature="WefzQc6+o+LVo9VW3a6Ny2La6zfRVwT9rQRk91NQqgo=" default_width="926" default_height="419" min_width="200" min_height="50">
  <rm optional="no">default-file-io.plugindefaultfileio</rm>
  <rm optional="no">default-video-file-io.plugindefaultvideofileio</rm>
  <use_api>biSetGlobalParameter</use_api>
  <use_api>biOnQueriedGlobalParameter</use_api>
  <use_api>biOnInitEx</use_api>
  <use_api>biGetLanguage</use_api>
  <use_api>biQueryGlobalParameter</use_api>
  <use_api>biSetModuleConfig</use_api>
  <use_api>biGetSubDataPaths</use_api>
  <use_api>biConfigDataEncryption</use_api>
  <use_api>biOpenChildDialog</use_api>
</root>