﻿<?xml version="1.0" encoding="utf-8"?>
<root name="V2V Object Converter" name_ch="V2V目标物生成器" type="Dialog" version="1.0.0" depend_api="2.1" deprecated_api="" signature="8QfAAzhgiRw8kwTwR7qrQxIoafCqXk3p30HgcMn9tShcURXhCLYu1w==" default_width="838" default_height="579" min_width="200" min_height="100">
  <rm optional="no">v2v-object-converter.pluginv2vutilities</rm>
  <use_api>biSetModuleConfig</use_api>
  <use_api>biGetLanguage</use_api>
  <use_api>biOnInitEx</use_api>
</root>