﻿<?xml version="1.0" encoding="utf-8"?>
<root name="ESR I/O" name_ch="ESR I/O" type="Dialog" version="2.0.0" depend_api="4.4" deprecated_api="" signature="POB8Y1S8Ua35veSFGGWpzjL9PLVD/t+M" default_width="444" default_height="334" min_width="200" min_height="100">
  <rm optional="no">esr-input.plugindelphiradars</rm>
  <use_api>biQueryGlobalVariable</use_api>
  <use_api>biSetModuleConfig</use_api>
  <use_api>biOnInitEx</use_api>
  <use_api>biGetLanguage</use_api>
  <use_api>biOnQueriedGlobalVariable</use_api>
</root>