﻿<?xml version="1.0" encoding="utf-8"?>
<root name="Arm CAN Transmitter" name_ch="Arm总线数据回注" type="Dialog" version="1.0.0" depend_api="2.1" deprecated_api="" signature="H6I8TWEPx4KZTkDk0gXuBIcfCy4yNhh1jkKPzEt4zgs37/VuFOpRUg==" default_width="1237" default_height="780" min_width="200" min_height="100">
  <rm optional="no">arm-can-transmitter.aspluginarmcantransmitter</rm>
  <use_api>biSetModuleConfig</use_api>
  <use_api>biOnInitEx</use_api>
  <use_api>biGetLanguage</use_api>
</root>