﻿<?xml version="1.0" encoding="utf-8"?>
<root name="Continental ARS408" name_ch="大陆雷达ARS408" type="Dialog" version="2.0.1" depend_api="4.4" deprecated_api="" signature="DlQj4TroSbXxCas4QWffok6nwkFL4264ezz+C9Tq1qJhAnkmj5aMVw==" default_width="535" default_height="364" min_width="200" min_height="100">
  <rm optional="no">continental-ars408.plugincontiradars</rm>
  <use_api>biOnInitEx</use_api>
  <use_api>biQueryGlobalVariable</use_api>
  <use_api>biGetLanguage</use_api>
  <use_api>biSetModuleConfig</use_api>
  <use_api>biOnQueriedGlobalVariable</use_api>
</root>