﻿<?xml version="1.0" encoding="utf-8"?>
<root name="Object Fusion" name_ch="目标物融合" type="Dialog" version="2.0.0" depend_api="2.1" deprecated_api="" signature="B4mNRXpES/T2zfXcWs6+6co/JunBlemmT1WxEJUmrOY=" default_width="650" default_height="720" min_width="200" min_height="100">
  <rm optional="no">object-fusion.pluginobjectfusion</rm>
  <use_api>biQueryChannelNames</use_api>
  <use_api>biOnQueriedChannelNames</use_api>
  <use_api>biGetLanguage</use_api>
  <use_api>biSetModuleConfig</use_api>
  <use_api>biOnInitEx</use_api>
</root>