﻿<?xml version="1.0" encoding="utf-8"?>
<root name="XMPrivacyProtection" name_ch="小米视频脱敏" type="Dialog" version="1.1.0" depend_api="4.0" deprecated_api="" signature="Owv/YTZx5XyDOiqITPQkcygtaD3kVMlQ0Uis+2fE0RXCxJAGPClWmA==" default_width="200" default_height="100" min_width="200" min_height="50">
  <rm optional="no">xmprivacy-protection.pluginxmpp</rm>
  <rm optional="no">xmprivacyprotection-task.pluginxmpp</rm>
  <use_api>biAlert</use_api>
  <use_api>biSetViewConfig</use_api>
  <use_api>biRunStandaloneTask</use_api>
  <use_api>biSetModuleConfig</use_api>
  <use_api>biOnInitEx</use_api>
  <use_api>biQuerySessionList</use_api>
  <use_api>biGetLanguage</use_api>
  <use_api>biOnQueriedSessionList</use_api>
  <use_api>biQuerySessionPath</use_api>
  <use_api>biOnQueriedSessionPath</use_api>
</root>