﻿<?xml version="1.0" encoding="utf-8"?>
<root name="COM (NMEA-Hex)" name_ch="NMEA-Hex数据解析" type="Dialog" version="2.0.1" depend_api="4.4" deprecated_api="" signature="fdii+HjMwzGr3RffJUBsGIEwNx2EoM4nx20EMw2Wy3s=" default_width="407" default_height="641" min_width="200" min_height="100">
  <rm optional="no">com--nmeahex-.aspluginnmeahex</rm>
  <use_api>biSetModuleConfig</use_api>
  <use_api>biOnInitEx</use_api>
  <use_api>biQueryGlobalVariable</use_api>
  <use_api>biGetLanguage</use_api>
  <use_api>biOnQueriedGlobalVariable</use_api>
</root>