﻿<?xml version="1.0" encoding="utf-8"?>
<root name="Falcon Lidars" name_ch="Falcon激光雷达" type="Dialog" version="1.0.0" depend_api="4.4" deprecated_api="" signature="LL15Ds8TQoBjxw/CdS1fXAAVfKBZPVx+GxCy85XEnlxghaRZw3G/Rg==" default_width="448" default_height="379" min_width="200" min_height="100">
  <rm optional="no">innovusion-falcon-lidar.asplugininnovusionfalcon</rm>
  <use_api>biGetLanguage</use_api>
  <use_api>biSetModuleConfig</use_api>
  <use_api>biOnInitEx</use_api>
  <use_api>biQueryGlobalVariable</use_api>
  <use_api>biOnQueriedGlobalVariable</use_api>
</root>