﻿<?xml version="1.0" encoding="utf-8"?>
<root name="Video Raw File Device" name_ch="视频数据文件设备" type="Dialog" version="1.4.1" depend_api="2.3" deprecated_api="" signature="h9OsvpqePbAxqL1/91UUp0bRxbbiW0l4bBzhv+5JORs7NLbb/wl7ww==" default_width="310" default_height="170" min_width="200" min_height="50">
  <rm optional="no">video-raw-file-device.aspluginvideorawfiledevice</rm>
  <use_api>biSelectPath</use_api>
  <use_api>biSetModuleConfig</use_api>
  <use_api>biOnInitEx</use_api>
  <use_api>biGetLanguage</use_api>
  <use_api>biOnSelectedPath</use_api>
</root>