﻿<?xml version="1.0" encoding="utf-8"?>
<root name="Horizon Matrix" name_ch="地平线Matrix" type="Dialog" version="2.0.0" depend_api="6.0" deprecated_api="" signature="TVdqCxnT9RUxKYLpFTjVnEJgHeQSaF/kgR/+zjr0dX5b4Xx7GH/ntg==" default_width="360" default_height="541" min_width="200" min_height="100">
  <rm optional="no">horizon-matrix-cameras.horizonmatrix</rm>
  <use_api>biOnInitEx</use_api>
  <use_api>biGetLanguage</use_api>
  <use_api>biQueryGlobalVariable</use_api>
  <use_api>biOpenChildDialog</use_api>
  <use_api>biSetModuleConfig</use_api>
  <use_api>biOnQueriedGlobalVariable</use_api>
</root>