﻿<?xml version="1.0" encoding="utf-8"?>
<root name="Object sensor by CAN" name_ch="CAN接入目标物传感器" type="Dialog" version="2.0.2" depend_api="6.1" deprecated_api="" signature="kzoK+zBzfQ6MiJJPP38es94aTNjg/5Ie41syEeKZdJnkX99qE7CrkQ==" default_width="838" default_height="625" min_width="200" min_height="100">
  <rm optional="no">object-sensor-by-can.pluginsensor</rm>
  <use_api>biSelectBusMessage</use_api>
  <use_api>biOnSelectedBusMessage</use_api>
  <use_api>biGetLanguage</use_api>
  <use_api>biOnQueriedBusMessageInfo</use_api>
  <use_api>biSelectSignal</use_api>
  <use_api>biOnSelectedSignal</use_api>
  <use_api>biOnInitEx</use_api>
  <use_api>biQuerySignalInfo</use_api>
  <use_api>biQueryBusMessageInfo</use_api>
  <use_api>biOnQueriedSignalInfo</use_api>
  <use_api>biSetModuleConfig</use_api>
  <use_api>biSetLocalVariable</use_api>
  <use_api>biCloseChildDialog</use_api>
  <use_api>biConfirm</use_api>
  <use_api>biOnResultOfConfirm</use_api>
  <use_api>biOnQueriedSignalsInBusMessage</use_api>
  <use_api>biQueryGlobalVariable</use_api>
  <use_api>biOnQueriedGlobalVariable</use_api>
  <use_api>biSelectPath</use_api>
  <use_api>biOnSelectedPath</use_api>
  <use_api>biWriteFileText</use_api>
  <use_api>biQueryFileText</use_api>
  <use_api>biOnQueriedFileText</use_api>
  <use_api>biAlert</use_api>
  <use_api>biOpenChildDialog</use_api>
  <use_api>biOnClosedChildDialog</use_api>
  <use_api>biGetLocalVariable</use_api>
</root>