﻿<?xml version="1.0" encoding="utf-8"?>
<root name="CAN ROS File Write" name_ch="CAN ROS 文件写入" type="Dialog" version="1.0.0" depend_api="2.1" deprecated_api="" signature="F/DVvmtAIL9MtTOseKhAOV6lpCnLYfzKMl/kOUbl4FVhxdrt96wEcm0663AfVtpR" default_width="318" default_height="130" min_width="200" min_height="100">
  <rm optional="no">can-ros-file-write-ubuntu1804.rosplugin</rm>
  <use_api>biSetModuleConfig</use_api>
  <use_api>biOnInitEx</use_api>
  <use_api>biGetLanguage</use_api>
</root>