﻿<?xml version="1.0" encoding="utf-8"?>
<root name="Audio Configuration" name_ch="音频配置" type="Dialog" version="2.0.1" depend_api="4.4" deprecated_api="" signature="4uNmbBnAThK0GWKO9OX91GuBvMZ8M4Rl" default_width="360" default_height="197" min_width="200" min_height="100">
  <rm optional="no">audio.system</rm>
  <use_api>biSetModuleConfig</use_api>
  <use_api>biOnInitEx</use_api>
  <use_api>biGetRunningMode</use_api>
  <use_api>biQueryAudioDriversInfo</use_api>
  <use_api>biGetLanguage</use_api>
</root>