﻿<?xml version="1.0" encoding="utf-8"?>
<root name="COM (NMEA-0183)" name_ch="COM (NMEA-0183)" type="Dialog" version="2.2.0" depend_api="4.4" deprecated_api="" signature="fdii+HjMwzFRSS//Wc9J8MvFJGpdiX4wFISHH4js9W4=" default_width="375" default_height="692" min_width="200" min_height="50">
  <rm optional="no">com--nmea-0183-.pluginnmea</rm>
  <use_api>biSetModuleConfig</use_api>
  <use_api>biOnInitEx</use_api>
  <use_api>biQueryGlobalVariable</use_api>
  <use_api>biGetLanguage</use_api>
  <use_api>biOnQueriedGlobalVariable</use_api>
</root>