﻿<?xml version="1.0" encoding="utf-8"?>
<root name="Robosense Reference" name_ch="速腾 Reference" type="Dialog" version="2.1.0" depend_api="4.4" deprecated_api="" signature="ThEWDArcvznSXxWcw7H3zxhAeZNmkGYPWHl4G1gRGNyrmexZ1qpp5A==" default_width="400" default_height="500" min_width="200" min_height="100">
  <rm optional="no">robosense-reference.pluginrobosense</rm>
  <rm optional="no">robosense-reference-task.pluginrobosense</rm>
  <use_api>biSelectPath</use_api>
  <use_api>biOnSelectedPath</use_api>
  <use_api>biQueryDirsInDirectory</use_api>
  <use_api>biAlert</use_api>
  <use_api>biSetViewConfig</use_api>
  <use_api>biRunStandaloneTask</use_api>
  <use_api>biOnQueriedDirsInDirectory</use_api>
  <use_api>biQueryDirectoryExist</use_api>
  <use_api>biOnQueriedDirectoryExist</use_api>
  <use_api>biOnResultOfStandaloneTask</use_api>
  <use_api>biOnQueriedFileText</use_api>
  <use_api>biGetDataPath</use_api>
  <use_api>biSetModuleConfig</use_api>
  <use_api>biOnQueriedGlobalVariable</use_api>
  <use_api>biOnInitEx</use_api>
  <use_api>biQuerySessionList</use_api>
  <use_api>biGetLanguage</use_api>
  <use_api>biQueryGlobalVariable</use_api>
  <use_api>biOnQueriedSessionList</use_api>
  <use_api>biQuerySessionPath</use_api>
  <use_api>biOnQueriedSessionPath</use_api>
  <use_api>biQueryFileText</use_api>
</root>