﻿<?xml version="1.0" encoding="utf-8"?>
<root name="Lidar Points Filter" name_ch="激光雷达点云过滤" type="Dialog" version="1.1.1" depend_api="2.1" deprecated_api="" signature="E7RzJqbxotvJ0B45MJg5PW+B+a+sXe1fHPdIqGUY45xiOF58ht1aCQ==" default_width="750" default_height="444" min_width="200" min_height="100">
  <rm optional="no">lidar-points-filter.aspluginlidarpointsfilter</rm>
  <use_api>biSetModuleConfig</use_api>
  <use_api>biOnInitEx</use_api>
  <use_api>biGetLanguage</use_api>
</root>