﻿<?xml version="1.0" encoding="utf-8"?>
<root name="Object Globalization" name_ch="全局目标物" type="Dialog" version="2.0.0" depend_api="2.1" deprecated_api="" signature="8m4D9wlHeg4/qUPovMo2vmwNwuXEV1pK9hjNrESaMbwUZ8c4sUmMMQ==" default_width="314" default_height="179" min_width="200" min_height="100">
  <rm optional="no">object-globalization.asplugindynamictrafficgen</rm>
  <use_api>biSetModuleConfig</use_api>
  <use_api>biOnInitEx</use_api>
  <use_api>biGetLanguage</use_api>
</root>