﻿<?xml version="1.0" encoding="utf-8"?>
<root name="Object Globalization" name_ch="目标物全局化" type="Dialog" version="2.1.0" depend_api="2.1" deprecated_api="" signature="8m4D9wlHeg4/qUPovMo2vmwNwuXEV1pKop+XFUUjoYZI3m7dqKvjEg==" default_width="314" default_height="179" min_width="200" min_height="50">
  <rm optional="no">object-globalization.asplugindynamictrafficgen</rm>
  <use_api>biSetModuleConfig</use_api>
  <use_api>biOnInitEx</use_api>
  <use_api>biGetLanguage</use_api>
</root>