﻿<?xml version="1.0" encoding="utf-8"?>
<root name="Set Kvaser Baud Rate Parameters" name_ch="设置Kvaser波特率参数" type="Dialog" version="2.0.2" depend_api="2.1" deprecated_api="" signature="ZfoMk8W1Hfk90KFcvWenSV7GcTPRcg4q4dvmLfEAMzEtaEVL7THbRREwXjUD4PQs" default_width="1263" default_height="770" min_width="200" min_height="100">
  <rm optional="no">set-kvaser-baud-rate-parameters.kvaserconnectremote</rm>
  <use_api>biSetModuleConfig</use_api>
  <use_api>biOnInitEx</use_api>
  <use_api>biGetLanguage</use_api>
</root>