﻿<?xml version="1.0" encoding="utf-8"?>
<root name="Delphi SRR4 Point  Cloud" name_ch="Delphi SRR4点云" type="Dialog" version="1.0.1" depend_api="4.4" deprecated_api="" signature="y3BUHNMyoot6jvv161531k1+ZE57VggCGFdN3xOM/wuoDMF+cyDDVA==" default_width="407" default_height="383" min_width="200" min_height="50">
  <rm optional="no">delphi-srr4-point-cloud.delphisrr4</rm>
  <use_api>biGetLanguage</use_api>
  <use_api>biQueryGlobalVariable</use_api>
  <use_api>biSetModuleConfig</use_api>
  <use_api>biOnInitEx</use_api>
  <use_api>biOnQueriedGlobalVariable</use_api>
</root>