﻿<?xml version="1.0" encoding="utf-8"?>
<root name="Road Planeness" name_ch="地面平整度" type="Dialog" version="1.0.0" depend_api="4.0" deprecated_api="" signature="ZwNYsm05q7JnJwfjIPX3s/5WIPpVCXWgnLDvG7kRQpg=" default_width="413" default_height="135" min_width="200" min_height="100">
  <rm optional="no">road-planeness.aspluginroadplaneness</rm>
  <use_api>biSelectPath</use_api>
  <use_api>biOnSelectedPath</use_api>
  <use_api>biSetModuleConfig</use_api>
  <use_api>biOnInitEx</use_api>
  <use_api>biGetLanguage</use_api>
  <use_api>biQueryFileExist</use_api>
  <use_api>biOnQueriedFileExist</use_api>
</root>