﻿<?xml version="1.0" encoding="utf-8"?>
<root name="Wlan Info" name_ch="无线网络信息" type="Dialog" version="1.0.1" depend_api="4.4" deprecated_api="" signature="dKCX0+lIamsSwgYwJBwnwN4Ds4/aAtbi" default_width="348" default_height="103" min_width="200" min_height="50">
  <rm optional="no">wlan-info.aspluginwlaninfo</rm>
  <use_api>biSetModuleConfig</use_api>
  <use_api>biOnInitEx</use_api>
  <use_api>biGetLanguage</use_api>
  <use_api>biQueryGlobalParameter</use_api>
  <use_api>biOnQueriedGlobalParameter</use_api>
</root>