﻿<?xml version="1.0" encoding="utf-8"?>
<root name="General Raw File Device" name_ch="通用数据文件设备" type="Dialog" version="1.1.0" depend_api="2.3" deprecated_api="" signature="bKgvsdCRnLOWTCGtTyBgf7huVhXs/gQsdPyZAPkSQpFRMWT3Lpvy4g==" default_width="330" default_height="100" min_width="200" min_height="100">
  <rm optional="no">general-raw-file-device.asplugingeneralrawfiledevice</rm>
  <use_api>biSelectPath</use_api>
  <use_api>biSetModuleConfig</use_api>
  <use_api>biGetLanguage</use_api>
  <use_api>biOnInitEx</use_api>
  <use_api>biOnSelectedPath</use_api>
</root>