﻿<?xml version="1.0" encoding="utf-8"?>
<root name="Lanes From Map" name_ch="高精地图车道线转换" type="Dialog" version="2.0.0" depend_api="4.4" deprecated_api="" signature="pSAjEGr/YhFBakz2p4axoAjuhgF7y05ZP6/6D4ksWQ4=" default_width="668" default_height="585" min_width="200" min_height="100">
  <rm optional="no">lanes-from-map.aspluginmaplaneconverter</rm>
  <use_api>biSetModuleConfig</use_api>
  <use_api>biQuerySignalInfo</use_api>
  <use_api>biQueryGlobalVariable</use_api>
  <use_api>biOnQueriedGlobalVariable</use_api>
  <use_api>biOnQueriedSignalInfo</use_api>
  <use_api>biSelectSignal</use_api>
  <use_api>biOnSelectedSignal</use_api>
  <use_api>biSelectPath</use_api>
  <use_api>biOnSelectedPath</use_api>
  <use_api>biOnInitEx</use_api>
  <use_api>biGetLanguage</use_api>
</root>