﻿<?xml version="1.0" encoding="utf-8"?>
<root name="Scenario Pre-extraction" name_ch="复杂场景提取" type="Dialog" version="2.0.2" depend_api="2.1" deprecated_api="" signature="bBAqTLmjPCQV24IYB22kElRhiMJYEpoZ05GhRmLFgTbou093AaOozA==" default_width="502" default_height="532" min_width="200" min_height="100">
  <rm optional="no">aspluginscenariopreextraction.scenarionpreextraction</rm>
  <use_api>biSetModuleConfig</use_api>
  <use_api>biOnInitEx</use_api>
  <use_api>biGetLanguage</use_api>
</root>