﻿<?xml version="1.0" encoding="utf-8"?>
<root name="Event Configuration" name_ch="事件配置" type="Dialog" version="2.0.0" depend_api="6.0" deprecated_api="" signature="bQn0k+fIpBJ1crk/cOiiwo94j4N7j/Jc" default_width="782" default_height="467" min_width="200" min_height="100">
  <rm optional="no">event.system</rm>
  <use_api>biGetLanguage</use_api>
  <use_api>biQueryBusProtocolFileChannel</use_api>
  <use_api>biQueryChannelNames</use_api>
  <use_api>biQueryGlobalParameter</use_api>
  <use_api>biOnQueriedGlobalParameter</use_api>
  <use_api>biOnQueriedBusProtocolFileChannel</use_api>
  <use_api>biOnQueriedChannelNames</use_api>
  <use_api>biSetModuleConfig</use_api>
  <use_api>biSelectPath</use_api>
  <use_api>biOnSelectedPath</use_api>
  <use_api>biWriteFileText</use_api>
  <use_api>biQueryFileText</use_api>
  <use_api>biOnQueriedFileText</use_api>
  <use_api>biAlert</use_api>
  <use_api>biOnInitEx</use_api>
  <use_api>biOpenChildDialog</use_api>
  <use_api>biOnClosedChildDialog</use_api>
  <use_api>biGetLocalVariable</use_api>
  <use_api>biSetLocalVariable</use_api>
  <use_api>biCloseChildDialog</use_api>
  <use_api>biSelectSignal</use_api>
  <use_api>biOnSelectedSignal</use_api>
  <use_api>biQuerySignalInfo</use_api>
  <use_api>biOnQueriedSignalInfo</use_api>
  <use_api>biSelectBusMessage</use_api>
  <use_api>biOnSelectedBusMessage</use_api>
  <use_api>biQuerySignalsInBusMessage</use_api>
  <use_api>biOnQueriedSignalsInBusMessage</use_api>
</root>