﻿<?xml version="1.0" encoding="utf-8"?>
<root name="PCD Merge" name_ch="PCD合并" type="Dialog" version="2.0.1" depend_api="4.0" deprecated_api="" signature="+xg4K3sxwgBnGaa/UqRJ3ciSGLq/TBlG" default_width="377" default_height="237" min_width="200" min_height="50">
  <rm optional="no">pcd-merge.aspluginpcdmerge</rm>
  <rm optional="no">pcd-merge-task.aspluginpcdmerge</rm>
  <use_api>biSelectPath</use_api>
  <use_api>biSetViewConfig</use_api>
  <use_api>biQueryDirectoryExist</use_api>
  <use_api>biOnSelectedPath</use_api>
  <use_api>biGetDataPath</use_api>
  <use_api>biQuerySessionList</use_api>
  <use_api>biOnQueriedSessionList</use_api>
  <use_api>biQuerySessionPath</use_api>
  <use_api>biOnQueriedSessionPath</use_api>
  <use_api>biOnQueriedDirectoryExist</use_api>
  <use_api>biDirectoryDelete</use_api>
  <use_api>biRunStandaloneTask</use_api>
  <use_api>biOnResultOfStandaloneTask</use_api>
  <use_api>biSetModuleConfig</use_api>
  <use_api>biOnInitEx</use_api>
  <use_api>biGetLanguage</use_api>
</root>