﻿<?xml version="1.0" encoding="utf-8"?>
<root name="WHST Radar" name_ch="森思泰克雷达" type="Dialog" version="1.0.0" depend_api="4.4" deprecated_api="" signature="zJD/kExZPGtu6n2NqdojwdrBYJnt5taR3B7PDmxV6jg=" default_width="556" default_height="278" min_width="200" min_height="100">
  <rm optional="no">whst-radar.aspluginwhstradar</rm>
  <use_api>biSetModuleConfig</use_api>
  <use_api>biOnInitEx</use_api>
  <use_api>biQueryGlobalVariable</use_api>
  <use_api>biGetLanguage</use_api>
  <use_api>biOnQueriedGlobalVariable</use_api>
</root>