﻿<?xml version="1.0" encoding="utf-8"?>
<root name="Pixel Format Convert" name_ch="像素格式转换" type="Dialog" version="2.2.0" depend_api="4.0" deprecated_api="" signature="v65BGGwEQRlJxWZuc/WkDMTtn2bmswvXBo+Acdc3DqTN7jWn+4AQ8A==" default_width="456" default_height="252" min_width="200" min_height="50">
  <rm optional="no">pixel-format-convert.aspluginpixelformatconvert</rm>
  <rm optional="no">pixel-format-convert-task.aspluginpixelformatconvert</rm>
  <use_api>biSelectPath</use_api>
  <use_api>biOnSelectedPath</use_api>
  <use_api>biQueryDirsInDirectory</use_api>
  <use_api>biRunStandaloneTask</use_api>
  <use_api>biSetModuleConfig</use_api>
  <use_api>biOnInitEx</use_api>
  <use_api>biGetLanguage</use_api>
  <use_api>biOnQueriedDirsInDirectory</use_api>
  <use_api>biQueryFileExist</use_api>
  <use_api>biOnQueriedFileExist</use_api>
  <use_api>biQueryFileText</use_api>
  <use_api>biOnQueriedFileText</use_api>
</root>