﻿<?xml version="1.0" encoding="utf-8"?>
<root name="Automatic Scene Extraction" name_ch="简单场景提取 " type="Dialog" version="2.0.1" depend_api="2.1" deprecated_api="" signature="TI7s8QAa0UeVRgfhh9yGXntHNzppzpKrh1YE5faNfzWGWN8qso34hWPnasm/rFgg" default_width="585" default_height="498" min_width="200" min_height="100">
  <rm optional="no">automatic-scene-extraction.pluginautomaticscene</rm>
  <use_api>biSetModuleConfig</use_api>
  <use_api>biOnInitEx</use_api>
  <use_api>biGetLanguage</use_api>
</root>