﻿<?xml version="1.0" encoding="utf-8"?>
<root name="Robosense ECU" name_ch="速腾ECU" type="Dialog" version="2.0.1" depend_api="4.4" deprecated_api="" signature="ThEWDArcvzknpVfXx4KlYZ6XQpolaYbKuRvGHLymOrc=" default_width="374" default_height="491" min_width="200" min_height="100">
  <rm optional="no">robosense-ecu.pluginrobosense</rm>
  <use_api>biQueryGlobalVariable</use_api>
  <use_api>biSetModuleConfig</use_api>
  <use_api>biOnInitEx</use_api>
  <use_api>biGetLanguage</use_api>
  <use_api>biOnQueriedGlobalVariable</use_api>
</root>