﻿<?xml version="1.0" encoding="utf-8"?>
<root name="HDMap Area Loader Processor" name_ch="高精地图数据读取及转换" type="Dialog" version="2.0.0" depend_api="4.0" deprecated_api="" signature="TS0XQiUOj1YWTVGKHiBYVTExkOgCI2FPo5fZdHimOXaSiWgZ4EerKxbWPMaeeXKd" default_width="386" default_height="429" min_width="200" min_height="100">
  <rm optional="no">hdmap-area-loader-processor.aspluginhdmaploadandconvert</rm>
  <use_api>biSetModuleConfig</use_api>
  <use_api>biSelectPath</use_api>
  <use_api>biOnSelectedPath</use_api>
  <use_api>biQueryFileText</use_api>
  <use_api>biOnInitEx</use_api>
  <use_api>biGetLanguage</use_api>
</root>