﻿<?xml version="1.0" encoding="utf-8"?>
<root name="V2V Offline Sync" name_ch="V2V离线同步" type="Dialog" version="1.0.2" depend_api="6.0" deprecated_api="" signature="90AJSyg/wz0lEQXwYhHdSDt1znKL8EURz4ygPwYxGEc=" default_width="550" default_height="537" min_width="200" min_height="100">
  <rm optional="no">v2v-offline-sync.pluginv2vutilities</rm>
  <rm optional="no">v2v-offline-sync-task.V2VOfflineSyncTask</rm>
  <use_api>biSelectPath</use_api>
  <use_api>biSetViewConfig</use_api>
  <use_api>biRunStandaloneTask</use_api>
  <use_api>biOnResultOfStandaloneTask</use_api>
  <use_api>biAlert</use_api>
  <use_api>biSetLocalVariable</use_api>
  <use_api>biOnSelectedPath</use_api>
  <use_api>biQueryDirsInDirectory</use_api>
  <use_api>biSetModuleConfig</use_api>
  <use_api>biOnInitEx</use_api>
  <use_api>biGetLanguage</use_api>
  <use_api>biOnQueriedDirsInDirectory</use_api>
  <use_api>biQueryFilesInDirectory</use_api>
  <use_api>biOnQueriedFilesInDirectory</use_api>
  <use_api>biOpenChildDialog</use_api>
  <use_api>biGetDataPath</use_api>
  <use_api>biOnClosedChildDialog</use_api>
  <use_api>biGetLocalVariable</use_api>
</root>