﻿<?xml version="1.0" encoding="utf-8"?>
<root name="Signal Packing" name_ch="信号打包" type="Dialog" version="2.0.1" depend_api="4.4" deprecated_api="" signature="uWpfMR5P2j9TPKwHAZ48yBP40/Aczjg2HN/U9b2pdeI=" default_width="814" default_height="581" min_width="200" min_height="100">
  <rm optional="no">signal-packing.system</rm>
  <use_api>biSelectBusMessage</use_api>
  <use_api>biOnSelectedBusMessage</use_api>
  <use_api>biQuerySignalsInBusMessage</use_api>
  <use_api>biOnQueriedSignalsInBusMessage</use_api>
  <use_api>biQuerySignalInfo</use_api>
  <use_api>biQueryBusMessageInfo</use_api>
  <use_api>biQueryBusProtocolFileChannel</use_api>
  <use_api>biOnQueriedBusProtocolFileChannel</use_api>
  <use_api>biOnQueriedSignalInfo</use_api>
  <use_api>biOnQueriedBusMessageInfo</use_api>
  <use_api>biGetLanguage</use_api>
  <use_api>biSelectSignals</use_api>
  <use_api>biOnSelectedSignals</use_api>
  <use_api>biSetModuleConfig</use_api>
  <use_api>biSelectSignal</use_api>
  <use_api>biOnSelectedSignal</use_api>
  <use_api>biOnInitEx</use_api>
</root>