﻿<?xml version="1.0" encoding="utf-8"?>
<root name="SHENQI USB Camera 4" name_ch="神鳍USB相机4" type="Dialog" version="1.1.0" depend_api="2.3" deprecated_api="" signature="HHarGmQvcG1eWmMrox0RRxgfojdg/LLA6ynEcKr2wQU=" default_width="824" default_height="643" min_width="200" min_height="100">
  <rm optional="no">ASPackerSHUsbCam4</rm>
  <use_api>biSelectPath</use_api>
  <use_api>biSetModuleConfig</use_api>
  <use_api>biOnInitEx</use_api>
  <use_api>biGetLanguage</use_api>
  <use_api>biOnSelectedPath</use_api>
</root>