﻿<?xml version="1.0" encoding="utf-8"?>
<root name="Ultrasound sensor by CAN" name_ch="CAN接入超声波传感器" type="Dialog" version="2.0.1" depend_api="4.4" deprecated_api="" signature="MxyTuE/yApHXBPFD73oQx/f2v1qd+9DzquKMH19vsoaLPq89luCzhw==" default_width="991" default_height="496" min_width="200" min_height="100">
  <rm optional="no">ultrasound-sensor-by-can.pluginsensor</rm>
  <use_api>biSelectBusMessage</use_api>
  <use_api>biOnSelectedBusMessage</use_api>
  <use_api>biGetLanguage</use_api>
  <use_api>biOnQueriedBusMessageInfo</use_api>
  <use_api>biSelectSignal</use_api>
  <use_api>biOnSelectedSignal</use_api>
  <use_api>biOnQueriedSignalInfo</use_api>
  <use_api>biAlert</use_api>
  <use_api>biQuerySignalInfo</use_api>
  <use_api>biQueryBusMessageInfo</use_api>
  <use_api>biQueryGlobalVariable</use_api>
  <use_api>biOnQueriedGlobalVariable</use_api>
  <use_api>biSetModuleConfig</use_api>
  <use_api>biOnInitEx</use_api>
</root>