﻿<?xml version="1.0" encoding="utf-8"?>
<root name="IBEO System" name_ch="IBEO 系统" type="Dialog" version="2.0.0" depend_api="6.0" deprecated_api="" signature="POfWiLxHaZv5cyEI5Bu+SQ4jWvaO6xCrE9EJA9dCSHs=" default_width="371" default_height="584" min_width="200" min_height="100">
  <rm optional="no">ibeo-system.pluginibeo</rm>
  <use_api>biOpenChildDialog</use_api>
  <use_api>biOnClosedChildDialog</use_api>
  <use_api>biOnInitEx</use_api>
  <use_api>biGetLanguage</use_api>
  <use_api>biQueryGlobalVariable</use_api>
  <use_api>biOnQueriedGlobalVariable</use_api>
  <use_api>biSetModuleConfig</use_api>
</root>