﻿<?xml version="1.0" encoding="utf-8"?>
<root name="SRR3 I/O" name_ch="SRR3 I/O" type="Dialog" version="2.0.0" depend_api="4.4" deprecated_api="" signature="34Am+7NLxGXG6Cs/vZWZAR+aAODGzxKw" default_width="462" default_height="379" min_width="200" min_height="100">
  <rm optional="no">srr3-i-o.plugindelphiradars</rm>
  <use_api>biSetModuleConfig</use_api>
  <use_api>biOnInitEx</use_api>
  <use_api>biQueryGlobalVariable</use_api>
  <use_api>biGetLanguage</use_api>
  <use_api>biOnQueriedGlobalVariable</use_api>
</root>