﻿<?xml version="1.0" encoding="utf-8"?>
<root name="Robosense Point Cloud" name_ch="速腾点云" type="Dialog" version="2.1.0" depend_api="4.4" deprecated_api="" signature="ThEWDArcvznrp5Z/h8llTpnSyOxhhcao1msniO8A6AdF1mXinEVGrw==" default_width="486" default_height="435" min_width="200" min_height="100">
  <rm optional="no">robosense-point-cloud.pluginrobosense</rm>
  <use_api>biSetModuleConfig</use_api>
  <use_api>biOnInitEx</use_api>
  <use_api>biQueryGlobalVariable</use_api>
  <use_api>biGetLanguage</use_api>
  <use_api>biOnQueriedGlobalVariable</use_api>
</root>