﻿<?xml version="1.0" encoding="utf-8"?>
<root name="Living Objects Behavior" name_ch="目标物运动行为" type="Dialog" version="1.0.0" depend_api="2.1" deprecated_api="" signature="ReBkOtq4luB1v/xcWsneHIGC3KCNsEvXd9tYHkQLYRMiDgiktiwdHg==" default_width="260" default_height="130" min_width="200" min_height="100">
  <rm optional="no">living-objects-behavior.aspluginlivingobjectsbehavior</rm>
  <use_api>biSetModuleConfig</use_api>
  <use_api>biOnInitEx</use_api>
  <use_api>biGetLanguage</use_api>
</root>