﻿<?xml version="1.0" encoding="utf-8"?>
<root name="Pcap File Device" name_ch="Pcap文件设备" type="Dialog" version="1.2.0" depend_api="4.0" deprecated_api="" signature="1hgUUBiufUaACBmqGGAS+0M8Wz7a5ulFqTZc/DFkA4o=" default_width="625" default_height="474" min_width="200" min_height="100">
  <rm optional="no">import-pcap-data.aspluginpcap</rm>
  <rm optional="no">import-pcap-data-task.aspluginpcap</rm>
  <use_api>biSelectPath</use_api>
  <use_api>biRunStandaloneTask</use_api>
  <use_api>biSetModuleConfig</use_api>
  <use_api>biOnInitEx</use_api>
  <use_api>biGetLanguage</use_api>
  <use_api>biQueryDirectoryExist</use_api>
  <use_api>biQueryFileExist</use_api>
  <use_api>biOnSelectedPath</use_api>
  <use_api>biOnQueriedFileExist</use_api>
  <use_api>biOnQueriedDirectoryExist</use_api>
</root>