﻿<?xml version="1.0" encoding="utf-8"?>
<root name="Robosense PCD Merge" name_ch="速腾PCD融合" type="Dialog" version="1.0.1" depend_api="4.0" deprecated_api="" signature="ThEWDArcvzkpVF3bxMIg4MTwy8vkl2ZV0tsmTtyQmsv0MZJbajhXmg==" default_width="312" default_height="287" min_width="200" min_height="50">
  <rm optional="no">robosense-pcd-merge.aspluginrobosensepcdmerge</rm>
  <rm optional="no">robosense-pcd-merge-task.aspluginrobosensepcdmerge</rm>
  <use_api>biSelectPath</use_api>
  <use_api>biSetViewConfig</use_api>
  <use_api>biRunStandaloneTask</use_api>
  <use_api>biOnSelectedPath</use_api>
  <use_api>biSetModuleConfig</use_api>
  <use_api>biOnInitEx</use_api>
  <use_api>biGetLanguage</use_api>
</root>