﻿<?xml version="1.0" encoding="utf-8"?>
<root name="Kvaser Scheduled Transmitter" name_ch="Kvaser总线预约回注" type="Dialog" version="1.1.0" depend_api="2.1" deprecated_api="" signature="GMiehQboVJg/D+iOxWneuv4kp8gzpeZfjzyMUnVwhgSKgV+YV2aw5rZ4PLHT/Pna" default_width="1120" default_height="780" min_width="200" min_height="100">
  <rm optional="no">kvaser-scheduled-transmitter.aspluginkvaserscheduledtransmitter</rm>
  <use_api>biSetModuleConfig</use_api>
  <use_api>biOnInitEx</use_api>
  <use_api>biGetLanguage</use_api>
</root>