﻿<?xml version="1.0" encoding="utf-8"?>
<root name="APA Scene" name_ch="APA场景" type="Dialog" version="2.0.0" depend_api="4.4" deprecated_api="" signature="7dM/OggPhoAvb8rQqrVekJWvU9oZ4jMV" default_width="1110" default_height="158" min_width="200" min_height="100">
  <rm optional="no">apa-scene.aspluginapaevaluation</rm>
  <use_api>biSetGlobalParameter</use_api>
  <use_api>biSelectPath</use_api>
  <use_api>biOnSelectedPath</use_api>
  <use_api>biQueryFileText</use_api>
  <use_api>biWriteFileText</use_api>
  <use_api>biOnQueriedFileText</use_api>
  <use_api>biOnInitEx</use_api>
  <use_api>biGetLanguage</use_api>
  <use_api>biSetModuleConfig</use_api>
</root>