﻿<?xml version="1.0" encoding="utf-8"?>
<root name="PCD Export File I/O" name_ch="PCD导出文件I/O" type="Dialog" version="1.0.0" depend_api="2.3" deprecated_api="" signature="1mv1gFerC8bAFckRI3Z4JMjdQAQbbTZiozEfWG3//sI=" default_width="450" default_height="166" min_width="200" min_height="100">
  <rm optional="no">pcd-export-fileio.aspluginpcdexport</rm>
  <use_api>biSelectPath</use_api>
  <use_api>biGetRunningMode</use_api>
  <use_api>biSetModuleConfig</use_api>
  <use_api>biOnInitEx</use_api>
  <use_api>biGetLanguage</use_api>
  <use_api>biOnSelectedPath</use_api>
</root>