﻿<?xml version="1.0" encoding="utf-8"?>
<root name="Baidu Map" name_ch="百度地图" type="Window" version="1.0.7" depend_api="4.0" deprecated_api="" signature="IPokHp9Qv3ip1kYxaF/++qkl4SmBPG/y" default_width="400" default_height="300" min_width="200" min_height="100">
  <use_api>biGetGeneralSamplePair</use_api>
  <use_api>biOnStartSession</use_api>
  <use_api>biPrint</use_api>
  <use_api>biOnSetInterest</use_api>
  <use_api>biListenGeneralSample</use_api>
  <use_api>biGetBufferRangeX</use_api>
</root>