﻿<?xml version="1.0" encoding="utf-8"?>
<root name="APA Basic Information" name_ch="APA基本信息" type="Dialog" version="2.0.2" depend_api="4.4" deprecated_api="5.2" signature="n/k7VAcmrIW8MhNOXQHN1ltBs9HFePux+yudx+EPGUo=" default_width="335" default_height="445" min_width="200" min_height="100">
  <rm optional="no">apa-baseinfo.aspluginapaevaluation</rm>
  <use_api>biSetGlobalParameter</use_api>
  <use_api>biAlert</use_api>
  <use_api>biOnInitEx</use_api>
  <use_api>biGetLanguage</use_api>
  <use_api>biSetViewSize</use_api>
  <use_api>biSetModuleConfig</use_api>
</root>