﻿<?xml version="1.0" encoding="utf-8"?>
<root name="Host2 Video Data Capture" name_ch="二代主机视频数据" type="Dialog" version="1.0.0" depend_api="2.4" deprecated_api="" signature="5ihGNjDvel0QgNmJbrcqxg0cEjmd5C0oTTp8BEMvdPXt5lWYsDejCg==" default_width="280" default_height="155" min_width="200" min_height="100">
  <rm optional="no">armcontrol-video-cameras.plugin</rm>
  <use_api>biSetModuleConfig</use_api>
  <use_api>biOnInitEx</use_api>
  <use_api>biGetDataPath</use_api>
  <use_api>biGetLanguage</use_api>
</root>