﻿<?xml version="1.0" encoding="utf-8"?>
<root name="Python Modules" name_ch="Python模块" type="Dialog" version="2.2.0" depend_api="6.5" deprecated_api="" signature="nYMKZjSLn+6//eMZRe3WRE7RNenmwrmSXGNldBwUyX0=" default_width="1140" default_height="640" min_width="200" min_height="50">
  <rm optional="no">python-scripts.pluginpython</rm>
  <rm optional="no">code-import-task.pluginpython</rm>
  <rm optional="no">code-export-task.pluginpython</rm>
  <use_api>biOnInitEx</use_api>
  <use_api>biGetLanguage</use_api>
  <use_api>biSetModuleConfig</use_api>
  <use_api>biQueryPythonTemplateInfo</use_api>
  <use_api>biConfirm</use_api>
  <use_api>biOpenChildDialog</use_api>
  <use_api>biSelectPath</use_api>
  <use_api>biGetPythonTemplateNames</use_api>
  <use_api>biQueryGlobalPath</use_api>
  <use_api>biOnQueriedGlobalPath</use_api>
  <use_api>biQueryFilesInDirectory</use_api>
  <use_api>biOnClosedChildDialog</use_api>
  <use_api>biGetLocalVariable</use_api>
  <use_api>biOnQueriedPythonTemplateInfo</use_api>
  <use_api>biAlert</use_api>
  <use_api>biOnQueriedFilesInDirectory</use_api>
  <use_api>biOnSelectedPath</use_api>
  <use_api>biQueryFileText</use_api>
  <use_api>biRunStandaloneTask</use_api>
  <use_api>biWriteFileText</use_api>
  <use_api>biOnResultOfConfirm</use_api>
  <use_api>biOnQueriedFileText</use_api>
  <use_api>biOnResultOfStandaloneTask</use_api>
  <use_api>biSetLocalVariable</use_api>
  <use_api>biCloseChildDialog</use_api>
  <use_api>biOnInit</use_api>
  <use_api>biSetGlobalPath</use_api>
  <use_api>biSelectSignal</use_api>
  <use_api>biOnSelectedSignal</use_api>
  <use_api>biOnQueriedSignalInfo</use_api>
  <use_api>biQuerySignalInfo</use_api>
</root>