﻿<?xml version="1.0" encoding="utf-8"?>
<root name="Lidars(classical mode)" name_ch="环视激光雷达(经典版)" type="Dialog" version="2.1.0" depend_api="4.4" deprecated_api="" signature="RSYUBun3DU2iq3/MZGoFY+5z0DnzjotOrZL9tqr7W9yAWiqKdaG5QQ==" default_width="446" default_height="386" min_width="200" min_height="100">
  <rm optional="no">lidars-classic-mode.pluginlidar</rm>
  <use_api>biOnInitEx</use_api>
  <use_api>biQueryGlobalVariable</use_api>
  <use_api>biGetLanguage</use_api>
  <use_api>biSetModuleConfig</use_api>
  <use_api>biOnQueriedGlobalVariable</use_api>
</root>