﻿<?xml version="1.0" encoding="utf-8"?>
<root name="Vehicle" name_ch="本车信号" type="Dialog" version="2.0.0" depend_api="6.0" deprecated_api="" signature="98m3UGxzouPp/PrwPlPK0pytASalZgh6" default_width="672" default_height="590" min_width="200" min_height="100">
  <rm optional="no">vehicle.pluginplatform</rm>
  <use_api>biSetModuleConfig</use_api>
  <use_api>biSetLocalVariable</use_api>
  <use_api>biOnInitEx</use_api>
  <use_api>biGetLanguage</use_api>
  <use_api>biOpenChildDialog</use_api>
  <use_api>biOnClosedChildDialog</use_api>
  <use_api>biGetLocalVariable</use_api>
  <use_api>biSetGlobalVariable</use_api>
  <use_api>biQueryBusProtocolFileChannel</use_api>
  <use_api>biQueryChannelNames</use_api>
  <use_api>biOnQueriedChannelNames</use_api>
  <use_api>biOnQueriedBusProtocolFileChannel</use_api>
  <use_api>biQuerySignalInfo</use_api>
  <use_api>biOnQueriedSignalInfo</use_api>
  <use_api>biSelectPath</use_api>
  <use_api>biOnSelectedPath</use_api>
  <use_api>biWriteFileText</use_api>
  <use_api>biQueryFileText</use_api>
  <use_api>biOnQueriedFileText</use_api>
  <use_api>biSelectSignal</use_api>
  <use_api>biOnSelectedSignal</use_api>
</root>