﻿<?xml version="1.0" encoding="utf-8"?>
<root name="Generate Truth Calibration" name_ch="生成标定真值" type="Dialog" version="1.1.0" depend_api="6.0" deprecated_api="" signature="Lvc+i6WxsrSxKXTOetUwpjcfom+3qXQBJQWKNM0xSeFF5DbcJ81G+Q==" default_width="322" default_height="320" min_width="200" min_height="100">
  <rm optional="no">generate-calib-truth.app</rm>
  <use_api>biSetModuleConfig</use_api>
  <use_api>biOnInitEx</use_api>
  <use_api>biGetLanguage</use_api>
  <use_api>biOpenChildDialog</use_api>
</root>