﻿<?xml version="1.0" encoding="utf-8"?>
<root name="Road Obstacles" name_ch="路面障碍物" type="Dialog" version="1.0.0" depend_api="4.0" deprecated_api="" signature="MC/GTXDP63wU9oaki1i/onSpysoJFrVdicJi98UQTeY=" default_width="420" default_height="168" min_width="200" min_height="100">
  <rm optional="no">road-obstacles.aspluginRoadObstacles</rm>
  <use_api>biSelectPath</use_api>
  <use_api>biOnSelectedPath</use_api>
  <use_api>biSetModuleConfig</use_api>
  <use_api>biOnInitEx</use_api>
  <use_api>biGetLanguage</use_api>
  <use_api>biQueryFileExist</use_api>
  <use_api>biOnQueriedFileExist</use_api>
</root>