﻿<?xml version="1.0" encoding="utf-8"?>
<root name="Lidars(classical mode)" name_ch="环视激光雷达(经典版)" type="Dialog" version="2.0.0" depend_api="4.4" deprecated_api="" signature="G30sB4CSFuHcumsKw2cwXbUacU7ELgNC" default_width="446" default_height="389" min_width="200" min_height="100">
  <rm optional="no">lidars.pluginlidar</rm>
  <use_api>biOnInitEx</use_api>
  <use_api>biQueryGlobalVariable</use_api>
  <use_api>biGetLanguage</use_api>
  <use_api>biSetModuleConfig</use_api>
  <use_api>biOnQueriedGlobalVariable</use_api>
</root>