﻿<?xml version="1.0" encoding="utf-8"?>
<root name="Set Geely Kvaser Baud Rate Parameters" name_ch="设置吉利Kvaser波特率参数" type="Dialog" version="1.0.0" depend_api="2.1" deprecated_api="" signature="zbxBiVD6UwKUsG8cRiUj+/u+RJPjlwKLFoO+AsonrfrJA+BKiLk/kZmisNC7JWMbpwGWCnBS4j0=" default_width="1263" default_height="770" min_width="200" min_height="100">
  <rm optional="no">set-geely-kvaser-baud-rate-parameters.kvaserconnectremote</rm>
  <use_api>biSetModuleConfig</use_api>
  <use_api>biOnInitEx</use_api>
  <use_api>biGetLanguage</use_api>
</root>