﻿<?xml version="1.0" encoding="utf-8"?>
<root name="COM (NMEA-DS)" name_ch="COM (NMEA-DS)" type="Dialog" version="2.2.0" depend_api="4.4" deprecated_api="" signature="fdii+HjMwzHBkWVosFoui7q7w+kwVHPyF5Z10VaVyNU=" default_width="375" default_height="668" min_width="200" min_height="50">
  <rm optional="no">com--nmea-ds-.pluginnmea</rm>
  <use_api>biSetModuleConfig</use_api>
  <use_api>biOnInitEx</use_api>
  <use_api>biQueryGlobalVariable</use_api>
  <use_api>biGetLanguage</use_api>
  <use_api>biOnQueriedGlobalVariable</use_api>
</root>