﻿<?xml version="1.0" encoding="utf-8"?>
<root name="Import Pcap Data" name_ch="Pcap数据导入" type="Dialog" version="1.0.1" depend_api="4.0" deprecated_api="" signature="1hgUUBiufUaACBmqGGAS+0M8Wz7a5ulF5wdH53p4bIQ=" default_width="615" default_height="399" min_width="200" min_height="100">
  <rm optional="no">import-pcap-data.aspluginpcap</rm>
  <rm optional="no">import-pcap-data-task.aspluginpcap</rm>
  <use_api>biSelectPath</use_api>
  <use_api>biRunStandaloneTask</use_api>
  <use_api>biSetModuleConfig</use_api>
  <use_api>biOnInitEx</use_api>
  <use_api>biGetLanguage</use_api>
  <use_api>biQueryDirectoryExist</use_api>
  <use_api>biQueryFileExist</use_api>
  <use_api>biOnSelectedPath</use_api>
  <use_api>biOnQueriedFileExist</use_api>
  <use_api>biOnQueriedDirectoryExist</use_api>
</root>