﻿<?xml version="1.0" encoding="utf-8"?>
<root name="Scene by signal" name_ch="场景实用工具" type="Dialog" version="2.0.0" depend_api="6.0" deprecated_api="" signature="59F0lDdljVbAuAN7Vpi54Zfv4bVeNkoPKRoAgbHFGWA=" default_width="758" default_height="401" min_width="200" min_height="100">
  <rm optional="no">scene-by-signal.system</rm>
  <use_api>biSetLocalVariable</use_api>
  <use_api>biSetModuleConfig</use_api>
  <use_api>biCloseChildDialog</use_api>
  <use_api>biQuerySignalInfo</use_api>
  <use_api>biOnQueriedSignalInfo</use_api>
  <use_api>biSelectSignal</use_api>
  <use_api>biOnSelectedSignal</use_api>
  <use_api>biOnInitEx</use_api>
  <use_api>biGetLanguage</use_api>
  <use_api>biAlert</use_api>
  <use_api>biOnQueriedBusProtocolFileChannel</use_api>
  <use_api>biOpenChildDialog</use_api>
  <use_api>biOnClosedChildDialog</use_api>
  <use_api>biGetLocalVariable</use_api>
</root>