﻿<?xml version="1.0" encoding="utf-8"?>
<root name="SHENQI USB Camera " name_ch="神鳍USB相机" type="Dialog" version="1.0.2" depend_api="2.3" deprecated_api="" signature="HHarGmQvcG1eWmMrox0RR42CnGlSUiOydA1J7CjkXGY=" default_width="801" default_height="621" min_width="200" min_height="100">
  <rm optional="no">ASPackerSHUsbCam</rm>
  <use_api>biSelectPath</use_api>
  <use_api>biSetModuleConfig</use_api>
  <use_api>biOnInitEx</use_api>
  <use_api>biGetLanguage</use_api>
  <use_api>biOnSelectedPath</use_api>
</root>