﻿<?xml version="1.0" encoding="utf-8"?>
<root name="Pseudo Location Generation" name_ch="伪定位生成" type="Dialog" version="1.0.0" depend_api="6.5" deprecated_api="" signature="3sCAlVDxx7plcoNKe71nEuANGM9/bZXGw7OhOH1oCoPFzDEif3SVhw==" default_width="315" default_height="190" min_width="200" min_height="100">
  <py>pseudo-loc-generation</py>
  <use_api>biSetPythonModuleConfig</use_api>
  <use_api>biOnInitEx</use_api>
  <use_api>biGetLanguage</use_api>
  <use_api>biQueryPythonModuleConfig</use_api>
  <use_api>biOnQueriedPythonModuleConfig</use_api>
</root>