﻿<?xml version="1.0" encoding="utf-8"?>
<root name="Lane sensor by CAN" name_ch="CAN接入车道线传感器" type="Dialog" version="2.0.3" depend_api="6.0" deprecated_api="" signature="wA6ntczmUdluk5mdRiRXLOFdO0G9GIRSgEfcfUS/xpc/aWcFMYyOkg==" default_width="998" default_height="451" min_width="200" min_height="100">
  <rm optional="no">lane-sensor-by-can.pluginsensor</rm>
  <use_api>biGetLanguage</use_api>
  <use_api>biOpenChildDialog</use_api>
  <use_api>biSelectPath</use_api>
  <use_api>biOnSelectedPath</use_api>
  <use_api>biWriteFileText</use_api>
  <use_api>biQueryFileText</use_api>
  <use_api>biOnQueriedFileText</use_api>
  <use_api>biAlert</use_api>
  <use_api>biSelectBusMessage</use_api>
  <use_api>biOnSelectedBusMessage</use_api>
  <use_api>biSelectSignal</use_api>
  <use_api>biOnSelectedSignal</use_api>
  <use_api>biOnQueriedBusMessageInfo</use_api>
  <use_api>biQueryGlobalVariable</use_api>
  <use_api>biQueryBusMessageInfo</use_api>
  <use_api>biQuerySignalInfo</use_api>
  <use_api>biOnQueriedGlobalVariable</use_api>
  <use_api>biOnQueriedBusProtocolFileChannel</use_api>
  <use_api>biOnQueriedSignalInfo</use_api>
  <use_api>biSetModuleConfig</use_api>
  <use_api>biOnInitEx</use_api>
  <use_api>biOnClosedChildDialog</use_api>
  <use_api>biGetLocalVariable</use_api>
  <use_api>biSetLocalVariable</use_api>
</root>