﻿<?xml version="1.0" encoding="utf-8"?>
<root name="Tianjin University Weather" name_ch="天津大学气象" type="Dialog" version="1.0.1" depend_api="2.1" deprecated_api="" signature="SPDBRP3PSVz4lMT4x8AY1Mky4yYLdVKKrzQExVCeF29svhX8PcLeCVUoIkFIE+hX" default_width="258" default_height="170" min_width="200" min_height="50">
  <rm optional="no">tianjin-university-weather.plugin</rm>
  <use_api>biSetModuleConfig</use_api>
  <use_api>biOnInitEx</use_api>
  <use_api>biGetLanguage</use_api>
</root>