﻿<?xml version="1.0" encoding="utf-8"?>
<root name="Location by CAN" name_ch="CAN接入位置" type="Dialog" version="2.1.0" depend_api="4.4" deprecated_api="" signature="e5feMy9kxAq3hwqLMTSlMXlFr0lXMlFMDSzCa5Epi8U=" default_width="610" default_height="858" min_width="200" min_height="50">
  <rm optional="no">location-by-can.pluginplatform</rm>
  <use_api>biGetLanguage</use_api>
  <use_api>biQuerySignalInfo</use_api>
  <use_api>biQueryBusMessageInfo</use_api>
  <use_api>biQueryGlobalVariable</use_api>
  <use_api>biOnQueriedGlobalVariable</use_api>
  <use_api>biOnQueriedSignalInfo</use_api>
  <use_api>biOnQueriedBusMessageInfo</use_api>
  <use_api>biSetModuleConfig</use_api>
  <use_api>biSelectPath</use_api>
  <use_api>biOnSelectedPath</use_api>
  <use_api>biWriteFileText</use_api>
  <use_api>biQueryFileText</use_api>
  <use_api>biOnQueriedFileText</use_api>
  <use_api>biAlert</use_api>
  <use_api>biSelectSignal</use_api>
  <use_api>biOnSelectedSignal</use_api>
  <use_api>biSelectBusMessage</use_api>
  <use_api>biOnSelectedBusMessage</use_api>
  <use_api>biOnInitEx</use_api>
</root>