﻿<?xml version="1.0" encoding="utf-8"?>
<root name="Parking Slot Converter" name_ch="停车位转换" type="Dialog" version="2.0.0" depend_api="2.3" deprecated_api="" signature="ujSNpJvXxkfQpngAp0H4V3aPf0hOZsBxmtfb2EvXl3yefHQjuf7gmg==" default_width="371" default_height="282" min_width="200" min_height="100">
  <rm optional="no">parking-slot-converter.aspluginparkingslotconverter</rm>
  <use_api>biSelectPath</use_api>
  <use_api>biOnSelectedPath</use_api>
  <use_api>biSetModuleConfig</use_api>
  <use_api>biOnInitEx</use_api>
  <use_api>biGetLanguage</use_api>
</root>