﻿<?xml version="1.0" encoding="utf-8"?>
<root name="Audio Analysis" name_ch="音频分析" type="Dialog" version="2.2.0" depend_api="6.1" deprecated_api="" signature="xUnEYC1tE5bHHJhO1P8xf0+Rs6Hdn5QhrN1cUK0jYyg=" default_width="390" default_height="536" min_width="200" min_height="50">
  <rm optional="no">audio-analysis.aspluginaudioanalysis</rm>
  <use_api>biSetLocalVariable</use_api>
  <use_api>biCloseChildDialog</use_api>
  <use_api>biOnInitEx</use_api>
  <use_api>biGetLanguage</use_api>
  <use_api>biOpenChildDialog</use_api>
  <use_api>biOnClosedChildDialog</use_api>
  <use_api>biGetLocalVariable</use_api>
  <use_api>biConfirm</use_api>
  <use_api>biOnResultOfConfirm</use_api>
  <use_api>biSetModuleConfig</use_api>
</root>